api	author	count	total
d3.ascending	mbostock	7	35
d3.ascending	zjonsson	2	35
d3.ascending	syntagmatic	1	35
d3.ascending	jasondavies	1	35
d3.ascending	biovisualize	1	35
d3.ascending	timelyportfolio	5	35
d3.ascending	herrstucki	4	35
d3.ascending	milroc	5	35
d3.ascending	enjalot	4	35
d3.ascending	hobbes7878	1	35
d3.ascending	dougdowson	1	35
d3.ascending	danharr	1	35
d3.ascending	seemantk	1	35
d3.ascending	jugglingnutcase	1	35
d3.behavior.drag	biovisualize	4	132
d3.behavior.drag	jasondavies	6	132
d3.behavior.drag	enjalot	66	132
d3.behavior.drag	mbostock	11	132
d3.behavior.drag	zjonsson	2	132
d3.behavior.drag	christophermanning	5	132
d3.behavior.drag	syntagmatic	16	132
d3.behavior.drag	vlandham	2	132
d3.behavior.drag	timelyportfolio	10	132
d3.behavior.drag	danharr	2	132
d3.behavior.drag	milroc	1	132
d3.behavior.drag	bollwyvl	2	132
d3.behavior.drag	jfsiii	1	132
d3.behavior.drag	tomgp	2	132
d3.behavior.drag	ramnathv	2	132
d3.behavior	jasondavies	10	205
d3.behavior	biovisualize	6	205
d3.behavior	enjalot	77	205
d3.behavior	mbostock	36	205
d3.behavior	zjonsson	4	205
d3.behavior	christophermanning	11	205
d3.behavior	vlandham	6	205
d3.behavior	syntagmatic	17	205
d3.behavior	sxv	2	205
d3.behavior	emeeks	5	205
d3.behavior	jeremybuis	3	205
d3.behavior	timelyportfolio	12	205
d3.behavior	danharr	2	205
d3.behavior	milroc	3	205
d3.behavior	bollwyvl	2	205
d3.behavior	NelsonMinar	1	205
d3.behavior	jfsiii	1	205
d3.behavior	herrstucki	1	205
d3.behavior	tomgp	2	205
d3.behavior	ramnathv	2	205
d3.behavior	iros	2	205
d3.behavior.zoom	jasondavies	5	86
d3.behavior.zoom	zjonsson	4	86
d3.behavior.zoom	christophermanning	9	86
d3.behavior.zoom	vlandham	4	86
d3.behavior.zoom	mbostock	27	86
d3.behavior.zoom	biovisualize	2	86
d3.behavior.zoom	syntagmatic	2	86
d3.behavior.zoom	enjalot	14	86
d3.behavior.zoom	sxv	2	86
d3.behavior.zoom	emeeks	5	86
d3.behavior.zoom	jeremybuis	3	86
d3.behavior.zoom	timelyportfolio	2	86
d3.behavior.zoom	milroc	3	86
d3.behavior.zoom	NelsonMinar	1	86
d3.behavior.zoom	herrstucki	1	86
d3.behavior.zoom	iros	2	86
d3.bisect	zjonsson	1	34
d3.bisect	syntagmatic	1	34
d3.bisect	mbostock	4	34
d3.bisect	jasondavies	1	34
d3.bisect	timelyportfolio	6	34
d3.bisect	milroc	3	34
d3.bisect	enjalot	18	34
d3.bisectLeft	zjonsson	1	5
d3.bisectLeft	syntagmatic	1	5
d3.bisectLeft	mbostock	1	5
d3.bisectLeft	jasondavies	1	5
d3.bisectLeft	milroc	1	5
d3.bisector	syntagmatic	1	15
d3.bisector	mbostock	4	15
d3.bisector	jasondavies	1	15
d3.bisector	timelyportfolio	6	15
d3.bisector	milroc	3	15
d3.bisectRight	zjonsson	1	5
d3.bisectRight	syntagmatic	1	5
d3.bisectRight	mbostock	1	5
d3.bisectRight	jasondavies	1	5
d3.bisectRight	milroc	1	5
d3.box	mbostock	1	4
d3.box	timelyportfolio	1	4
d3.box	milroc	2	4
d3.bullet	mbostock	1	3
d3.bullet	jasondavies	1	3
d3.bullet	timelyportfolio	1	3
d3.csv.format	syntagmatic	8	12
d3.csv.format	enjalot	4	12
d3.csv	mbostock	42	178
d3.csv	zjonsson	5	178
d3.csv	jasondavies	4	178
d3.csv	enjalot	14	178
d3.csv	syntagmatic	43	178
d3.csv	timelyportfolio	16	178
d3.csv	biovisualize	8	178
d3.csv	vlandham	2	178
d3.csv	emeeks	8	178
d3.csv	herrstucki	2	178
d3.csv	ramnathv	1	178
d3.csv	milroc	2	178
d3.csv	bollwyvl	3	178
d3.csv	jeremybuis	1	178
d3.csv	ckuijjer	6	178
d3.csv	tomgp	3	178
d3.csv	pcj	1	178
d3.csv	mpmckenna8	1	178
d3.csv	gelicia	1	178
d3.csv	dougdowson	7	178
d3.csv	danharr	5	178
d3.csv	MikeCostelloe	2	178
d3.csv	seemantk	1	178
d3.csv.parse	syntagmatic	3	13
d3.csv.parse	jasondavies	1	13
d3.csv.parse	zjonsson	1	13
d3.csv.parse	enjalot	1	13
d3.csv.parse	biovisualize	1	13
d3.csv.parse	timelyportfolio	2	13
d3.csv.parse	pcj	1	13
d3.csv.parse	bollwyvl	1	13
d3.csv.parse	danharr	2	13
d3.csv.parseRows	syntagmatic	1	6
d3.csv.parseRows	jasondavies	1	6
d3.csv.parseRows	timelyportfolio	1	6
d3.csv.parseRows	pcj	1	6
d3.csv.parseRows	bollwyvl	1	6
d3.csv.parseRows	danharr	1	6
d3.descending	syntagmatic	3	46
d3.descending	mbostock	8	46
d3.descending	enjalot	20	46
d3.descending	zjonsson	2	46
d3.descending	jasondavies	2	46
d3.descending	herrstucki	5	46
d3.descending	timelyportfolio	3	46
d3.descending	milroc	2	46
d3.descending	danharr	1	46
d3.dispatch	zjonsson	2	129
d3.dispatch	enjalot	100	129
d3.dispatch	syntagmatic	3	129
d3.dispatch	mbostock	2	129
d3.dispatch	emeeks	1	129
d3.dispatch	jasondavies	1	129
d3.dispatch	biovisualize	6	129
d3.dispatch	christophermanning	1	129
d3.dispatch	timelyportfolio	4	129
d3.dispatch	milroc	6	129
d3.dispatch	ramnathv	1	129
d3.dispatch	bollwyvl	1	129
d3.dispatch	danharr	1	129
d3.ease	zjonsson	1	53
d3.ease	enjalot	45	53
d3.ease	syntagmatic	2	53
d3.ease	mbostock	2	53
d3.ease	jasondavies	1	53
d3.ease	timelyportfolio	1	53
d3.ease	milroc	1	53
d3.entries	mbostock	14	40
d3.entries	jasondavies	2	40
d3.entries	zjonsson	3	40
d3.entries	syntagmatic	3	40
d3.entries	NelsonMinar	1	40
d3.entries	biovisualize	3	40
d3.entries	milroc	4	40
d3.entries	timelyportfolio	2	40
d3.entries	bollwyvl	3	40
d3.entries	tomgp	1	40
d3.entries	ckuijjer	1	40
d3.entries	pcj	1	40
d3.entries	danharr	1	40
d3.entries	gisminister	1	40
d3.event	mbostock	57	341
d3.event	jasondavies	13	341
d3.event	biovisualize	7	341
d3.event	NelsonMinar	1	341
d3.event	zjonsson	4	341
d3.event	enjalot	160	341
d3.event	christophermanning	14	341
d3.event	vlandham	6	341
d3.event	syntagmatic	19	341
d3.event	emeeks	5	341
d3.event	timelyportfolio	13	341
d3.event	jeremybuis	3	341
d3.event	milroc	12	341
d3.event	bollwyvl	5	341
d3.event	herrstucki	4	341
d3.event	jfsiii	1	341
d3.event	gelicia	3	341
d3.event	tomgp	5	341
d3.event	ramnathv	2	341
d3.event	dougdowson	3	341
d3.event	danharr	1	341
d3.event	seemantk	1	341
d3.event	iros	2	341
d3.extent	mbostock	35	209
d3.extent	jasondavies	2	209
d3.extent	zjonsson	4	209
d3.extent	syntagmatic	29	209
d3.extent	milroc	10	209
d3.extent	enjalot	65	209
d3.extent	biovisualize	6	209
d3.extent	vlandham	2	209
d3.extent	jugglingnutcase	1	209
d3.extent	emeeks	5	209
d3.extent	herrstucki	2	209
d3.extent	timelyportfolio	15	209
d3.extent	ramnathv	1	209
d3.extent	gelicia	13	209
d3.extent	jfsiii	1	209
d3.extent	jeremybuis	1	209
d3.extent	ckuijjer	4	209
d3.extent	tomgp	1	209
d3.extent	hobbes7878	1	209
d3.extent	bollwyvl	1	209
d3.extent	dougdowson	3	209
d3.extent	MikeCostelloe	2	209
d3.extent	seemantk	1	209
d3.extent	iros	4	209
d3.fisheye	mbostock	2	24
d3.fisheye	syntagmatic	3	24
d3.fisheye	enjalot	16	24
d3.fisheye	timelyportfolio	2	24
d3.fisheye	gelicia	1	24
d3.force_labels	zjonsson	2	2
d3.format	mbostock	39	161
d3.format	enjalot	34	161
d3.format	zjonsson	2	161
d3.format	jasondavies	3	161
d3.format	syntagmatic	4	161
d3.format	biovisualize	4	161
d3.format	timelyportfolio	29	161
d3.format	herrstucki	2	161
d3.format	jeremybuis	1	161
d3.format	milroc	19	161
d3.format	NelsonMinar	1	161
d3.format	jfsiii	2	161
d3.format	gelicia	2	161
d3.format	ckuijjer	2	161
d3.format	emeeks	1	161
d3.format	ramnathv	3	161
d3.format	hobbes7878	1	161
d3.format	vlandham	1	161
d3.format	dougdowson	4	161
d3.format	danharr	2	161
d3.format	MikeCostelloe	1	161
d3.format	seemantk	1	161
d3.format	jugglingnutcase	1	161
d3.format	iros	2	161
d3.formatPrefix	zjonsson	1	5
d3.formatPrefix	syntagmatic	1	5
d3.formatPrefix	mbostock	1	5
d3.formatPrefix	jasondavies	1	5
d3.formatPrefix	milroc	1	5
d3.functor	zjonsson	2	30
d3.functor	syntagmatic	2	30
d3.functor	biovisualize	1	30
d3.functor	mbostock	2	30
d3.functor	emeeks	1	30
d3.functor	jasondavies	1	30
d3.functor	timelyportfolio	6	30
d3.functor	herrstucki	1	30
d3.functor	milroc	9	30
d3.functor	jfsiii	1	30
d3.functor	dougdowson	1	30
d3.functor	danharr	1	30
d3.functor	iros	2	30
d3.geo.airy	mbostock	2	2
d3.geo.aitoff	mbostock	3	10
d3.geo.aitoff	syntagmatic	1	10
d3.geo.aitoff	jasondavies	2	10
d3.geo.aitoff	enjalot	1	10
d3.geo.aitoff	emeeks	2	10
d3.geo.aitoff	vlandham	1	10
d3.geo.albers	mbostock	49	95
d3.geo.albers	syntagmatic	4	95
d3.geo.albers	vlandham	3	95
d3.geo.albers	enjalot	10	95
d3.geo.albers	jasondavies	4	95
d3.geo.albers	christophermanning	3	95
d3.geo.albers	biovisualize	2	95
d3.geo.albers	emeeks	1	95
d3.geo.albers	herrstucki	2	95
d3.geo.albers	milroc	1	95
d3.geo.albers	gelicia	5	95
d3.geo.albers	ramnathv	2	95
d3.geo.albers	tomgp	3	95
d3.geo.albers	mpmckenna8	1	95
d3.geo.albers	timelyportfolio	1	95
d3.geo.albers	dougdowson	2	95
d3.geo.albers	iros	2	95
d3.geo.albersUsa	mbostock	35	58
d3.geo.albersUsa	vlandham	1	58
d3.geo.albersUsa	syntagmatic	1	58
d3.geo.albersUsa	jasondavies	1	58
d3.geo.albersUsa	milroc	1	58
d3.geo.albersUsa	enjalot	3	58
d3.geo.albersUsa	gelicia	5	58
d3.geo.albersUsa	christophermanning	1	58
d3.geo.albersUsa	ramnathv	2	58
d3.geo.albersUsa	tomgp	2	58
d3.geo.albersUsa	mpmckenna8	1	58
d3.geo.albersUsa	timelyportfolio	1	58
d3.geo.albersUsa	dougdowson	2	58
d3.geo.albersUsa	iros	2	58
d3.geo.armadillo	syntagmatic	1	2
d3.geo.armadillo	mbostock	1	2
d3.geo.august	syntagmatic	1	5
d3.geo.august	mbostock	2	5
d3.geo.august	emeeks	1	5
d3.geo.august	vlandham	1	5
d3.geo.azimuthalEqualArea	syntagmatic	1	10
d3.geo.azimuthalEqualArea	mbostock	4	10
d3.geo.azimuthalEqualArea	enjalot	1	10
d3.geo.azimuthalEqualArea	christophermanning	2	10
d3.geo.azimuthalEqualArea	jeremybuis	1	10
d3.geo.azimuthalEqualArea	jugglingnutcase	1	10
d3.geo.azimuthalEqualArea.raw	syntagmatic	1	1
d3.geo.azimuthalEquidistant	syntagmatic	1	12
d3.geo.azimuthalEquidistant	jasondavies	1	12
d3.geo.azimuthalEquidistant	mbostock	5	12
d3.geo.azimuthalEquidistant	enjalot	1	12
d3.geo.azimuthalEquidistant	christophermanning	2	12
d3.geo.azimuthalEquidistant	jeremybuis	1	12
d3.geo.azimuthalEquidistant	mpmckenna8	1	12
d3.geo.azimuthalEquidistant.raw	syntagmatic	1	1
d3.geo.baker	syntagmatic	1	4
d3.geo.baker	mbostock	2	4
d3.geo.baker	vlandham	1	4
d3.geo.berghaus	syntagmatic	1	3
d3.geo.berghaus	mbostock	1	3
d3.geo.berghaus	vlandham	1	3
d3.geo.boggs	syntagmatic	1	5
d3.geo.boggs	mbostock	3	5
d3.geo.boggs	vlandham	1	5
d3.geo.bonne	syntagmatic	3	13
d3.geo.bonne	mbostock	3	13
d3.geo.bonne	jasondavies	3	13
d3.geo.bonne	enjalot	1	13
d3.geo.bonne	emeeks	1	13
d3.geo.bonne	milroc	1	13
d3.geo.bonne	vlandham	1	13
d3.geo.bounds	jasondavies	2	10
d3.geo.bounds	syntagmatic	2	10
d3.geo.bounds	mbostock	3	10
d3.geo.bounds	biovisualize	2	10
d3.geo.bounds	milroc	1	10
d3.geo.bromley	syntagmatic	1	4
d3.geo.bromley	mbostock	2	4
d3.geo.bromley	vlandham	1	4
d3.geo.centroid	mbostock	1	2
d3.geo.centroid	herrstucki	1	2
d3.geo.chamberlin	mbostock	1	1
d3.geo.circle	mbostock	11	19
d3.geo.circle	biovisualize	1	19
d3.geo.circle	syntagmatic	3	19
d3.geo.circle	jasondavies	2	19
d3.geo.circle	enjalot	1	19
d3.geo.circle	milroc	1	19
d3.geo.clipExtent	mbostock	5	5
d3.geo.collignon	syntagmatic	1	8
d3.geo.collignon	mbostock	2	8
d3.geo.collignon	jasondavies	2	8
d3.geo.collignon	enjalot	1	8
d3.geo.collignon	emeeks	1	8
d3.geo.collignon	vlandham	1	8
d3.geo.conicConformal	syntagmatic	1	12
d3.geo.conicConformal	mbostock	7	12
d3.geo.conicConformal	christophermanning	2	12
d3.geo.conicConformal	enjalot	2	12
d3.geo.conicEqualArea	mbostock	6	8
d3.geo.conicEqualArea	christophermanning	2	8
d3.geo.conicEqualArea.raw	mbostock	1	1
d3.geo.conicEquidistant	syntagmatic	1	4
d3.geo.conicEquidistant	mbostock	1	4
d3.geo.conicEquidistant	christophermanning	2	4
d3.geo.craig	syntagmatic	1	4
d3.geo.craig	mbostock	2	4
d3.geo.craig	enjalot	1	4
d3.geo.craster	syntagmatic	1	4
d3.geo.craster	mbostock	2	4
d3.geo.craster	vlandham	1	4
d3.geo.cylindricalEqualArea	syntagmatic	1	12
d3.geo.cylindricalEqualArea	mbostock	5	12
d3.geo.cylindricalEqualArea	jasondavies	2	12
d3.geo.cylindricalEqualArea	enjalot	2	12
d3.geo.cylindricalEqualArea	emeeks	1	12
d3.geo.cylindricalEqualArea	vlandham	1	12
d3.geo.cylindricalStereographic	mbostock	1	2
d3.geo.cylindricalStereographic	vlandham	1	2
d3.geo.eckert1	syntagmatic	1	8
d3.geo.eckert1	mbostock	2	8
d3.geo.eckert1	jasondavies	2	8
d3.geo.eckert1	enjalot	1	8
d3.geo.eckert1	emeeks	1	8
d3.geo.eckert1	vlandham	1	8
d3.geo.eckert2	syntagmatic	1	8
d3.geo.eckert2	mbostock	2	8
d3.geo.eckert2	jasondavies	2	8
d3.geo.eckert2	enjalot	1	8
d3.geo.eckert2	emeeks	1	8
d3.geo.eckert2	vlandham	1	8
d3.geo.eckert3	syntagmatic	1	8
d3.geo.eckert3	mbostock	2	8
d3.geo.eckert3	jasondavies	2	8
d3.geo.eckert3	enjalot	1	8
d3.geo.eckert3	emeeks	1	8
d3.geo.eckert3	vlandham	1	8
d3.geo.eckert4	syntagmatic	1	8
d3.geo.eckert4	mbostock	2	8
d3.geo.eckert4	jasondavies	2	8
d3.geo.eckert4	enjalot	1	8
d3.geo.eckert4	emeeks	1	8
d3.geo.eckert4	vlandham	1	8
d3.geo.eckert5	syntagmatic	1	8
d3.geo.eckert5	mbostock	2	8
d3.geo.eckert5	jasondavies	2	8
d3.geo.eckert5	enjalot	1	8
d3.geo.eckert5	emeeks	1	8
d3.geo.eckert5	vlandham	1	8
d3.geo.eckert6	syntagmatic	1	8
d3.geo.eckert6	mbostock	2	8
d3.geo.eckert6	jasondavies	2	8
d3.geo.eckert6	enjalot	1	8
d3.geo.eckert6	emeeks	1	8
d3.geo.eckert6	vlandham	1	8
d3.geo.eisenlohr	syntagmatic	1	5
d3.geo.eisenlohr	mbostock	2	5
d3.geo.eisenlohr	emeeks	1	5
d3.geo.eisenlohr	vlandham	1	5
d3.geo.equirectangular	syntagmatic	4	30
d3.geo.equirectangular	enjalot	3	30
d3.geo.equirectangular	mbostock	13	30
d3.geo.equirectangular	jasondavies	5	30
d3.geo.equirectangular	christophermanning	2	30
d3.geo.equirectangular	emeeks	1	30
d3.geo.equirectangular	milroc	1	30
d3.geo.equirectangular	vlandham	1	30
d3.geo.fahey	mbostock	1	2
d3.geo.fahey	vlandham	1	2
d3.geo.ginzburg4	mbostock	1	2
d3.geo.ginzburg4	vlandham	1	2
d3.geo.ginzburg5	mbostock	1	2
d3.geo.ginzburg5	vlandham	1	2
d3.geo.ginzburg6	mbostock	1	2
d3.geo.ginzburg6	vlandham	1	2
d3.geo.ginzburg8	mbostock	1	2
d3.geo.ginzburg8	vlandham	1	2
d3.geo.ginzburg9	mbostock	1	2
d3.geo.ginzburg9	vlandham	1	2
d3.geo.gnomonic	syntagmatic	1	7
d3.geo.gnomonic	mbostock	2	7
d3.geo.gnomonic	christophermanning	2	7
d3.geo.gnomonic	jeremybuis	1	7
d3.geo.gnomonic	mpmckenna8	1	7
d3.geo.graticule	mbostock	135	195
d3.geo.graticule	syntagmatic	10	195
d3.geo.graticule	enjalot	16	195
d3.geo.graticule	jasondavies	19	195
d3.geo.graticule	vlandham	2	195
d3.geo.graticule	emeeks	5	195
d3.geo.graticule	biovisualize	2	195
d3.geo.graticule	jeremybuis	2	195
d3.geo.graticule	tomgp	1	195
d3.geo.graticule	mpmckenna8	3	195
d3.geo.gringorten	syntagmatic	1	4
d3.geo.gringorten	jasondavies	1	4
d3.geo.gringorten	mbostock	1	4
d3.geo.gringorten	vlandham	1	4
d3.geo.guyou	syntagmatic	1	6
d3.geo.guyou	jasondavies	3	6
d3.geo.guyou	mbostock	1	6
d3.geo.guyou	vlandham	1	6
d3.geo.hammer	syntagmatic	1	14
d3.geo.hammer	mbostock	6	14
d3.geo.hammer	jasondavies	3	14
d3.geo.hammer	enjalot	2	14
d3.geo.hammer	emeeks	1	14
d3.geo.hammer	vlandham	1	14
d3.geo.hammerRetroazimuthal	syntagmatic	1	4
d3.geo.hammerRetroazimuthal	mbostock	1	4
d3.geo.hammerRetroazimuthal	enjalot	1	4
d3.geo.hammerRetroazimuthal	vlandham	1	4
d3.geo.healpix	syntagmatic	1	3
d3.geo.healpix	mbostock	1	3
d3.geo.healpix	vlandham	1	3
d3.geo.hill	syntagmatic	1	5
d3.geo.hill	mbostock	3	5
d3.geo.hill	vlandham	1	5
d3.geo.homolosine	syntagmatic	1	10
d3.geo.homolosine	mbostock	3	10
d3.geo.homolosine	jasondavies	3	10
d3.geo.homolosine	enjalot	1	10
d3.geo.homolosine	emeeks	1	10
d3.geo.homolosine	vlandham	1	10
d3.geo.interpolate	jeremybuis	1	2
d3.geo.interpolate	mbostock	1	2
d3.geo	mbostock	312	564
d3.geo	jasondavies	30	564
d3.geo	enjalot	97	564
d3.geo	christophermanning	10	564
d3.geo	zjonsson	6	564
d3.geo	vlandham	8	564
d3.geo	syntagmatic	21	564
d3.geo	biovisualize	4	564
d3.geo	NelsonMinar	5	564
d3.geo	herrstucki	7	564
d3.geo	emeeks	9	564
d3.geo	sxv	2	564
d3.geo	jeremybuis	6	564
d3.geo	timelyportfolio	7	564
d3.geo	mpmckenna8	9	564
d3.geo	milroc	8	564
d3.geo	gelicia	8	564
d3.geo	tomgp	4	564
d3.geo	jugglingnutcase	1	564
d3.geo	ramnathv	2	564
d3.geo	dougdowson	2	564
d3.geo	iros	6	564
d3.geo.kavrayskiy7	mbostock	6	16
d3.geo.kavrayskiy7	syntagmatic	1	16
d3.geo.kavrayskiy7	jasondavies	3	16
d3.geo.kavrayskiy7	enjalot	2	16
d3.geo.kavrayskiy7	emeeks	1	16
d3.geo.kavrayskiy7	tomgp	1	16
d3.geo.kavrayskiy7	mpmckenna8	1	16
d3.geo.kavrayskiy7	vlandham	1	16
d3.geo.lagrange	syntagmatic	1	5
d3.geo.lagrange	mbostock	2	5
d3.geo.lagrange	emeeks	1	5
d3.geo.lagrange	vlandham	1	5
d3.geo.larrivee	syntagmatic	1	9
d3.geo.larrivee	mbostock	3	9
d3.geo.larrivee	jasondavies	2	9
d3.geo.larrivee	enjalot	1	9
d3.geo.larrivee	emeeks	1	9
d3.geo.larrivee	vlandham	1	9
d3.geo.laskowski	syntagmatic	1	4
d3.geo.laskowski	mbostock	2	4
d3.geo.laskowski	vlandham	1	4
d3.geo.littrow	syntagmatic	1	2
d3.geo.littrow	mbostock	1	2
d3.geo.loximuthal	syntagmatic	1	4
d3.geo.loximuthal	mbostock	2	4
d3.geo.loximuthal	vlandham	1	4
d3.geo.mercator	mbostock	27	90
d3.geo.mercator	jasondavies	6	90
d3.geo.mercator	vlandham	3	90
d3.geo.mercator	syntagmatic	5	90
d3.geo.mercator	christophermanning	5	90
d3.geo.mercator	biovisualize	1	90
d3.geo.mercator	enjalot	23	90
d3.geo.mercator	NelsonMinar	2	90
d3.geo.mercator	emeeks	3	90
d3.geo.mercator	zjonsson	1	90
d3.geo.mercator	jeremybuis	3	90
d3.geo.mercator	milroc	1	90
d3.geo.mercator	gelicia	3	90
d3.geo.mercator	ramnathv	1	90
d3.geo.mercator	mpmckenna8	2	90
d3.geo.mercator	iros	4	90
d3.geo.miller	syntagmatic	1	8
d3.geo.miller	mbostock	2	8
d3.geo.miller	jasondavies	2	8
d3.geo.miller	enjalot	1	8
d3.geo.miller	emeeks	1	8
d3.geo.miller	vlandham	1	8
d3.geo.mollweide	syntagmatic	2	13
d3.geo.mollweide	mbostock	5	13
d3.geo.mollweide	jasondavies	3	13
d3.geo.mollweide	enjalot	1	13
d3.geo.mollweide	emeeks	1	13
d3.geo.mollweide	vlandham	1	13
d3.geo.mtFlatPolarParabolic	syntagmatic	1	4
d3.geo.mtFlatPolarParabolic	mbostock	2	4
d3.geo.mtFlatPolarParabolic	vlandham	1	4
d3.geo.mtFlatPolarQuartic	syntagmatic	1	4
d3.geo.mtFlatPolarQuartic	mbostock	2	4
d3.geo.mtFlatPolarQuartic	vlandham	1	4
d3.geo.mtFlatPolarSinusoidal	syntagmatic	1	4
d3.geo.mtFlatPolarSinusoidal	mbostock	2	4
d3.geo.mtFlatPolarSinusoidal	vlandham	1	4
d3.geo.naturalEarth	syntagmatic	1	5
d3.geo.naturalEarth	mbostock	3	5
d3.geo.naturalEarth	vlandham	1	5
d3.geo.nellHammer	syntagmatic	1	8
d3.geo.nellHammer	mbostock	2	8
d3.geo.nellHammer	jasondavies	2	8
d3.geo.nellHammer	enjalot	1	8
d3.geo.nellHammer	emeeks	1	8
d3.geo.nellHammer	vlandham	1	8
d3.geo.orthographic	mbostock	17	35
d3.geo.orthographic	enjalot	7	35
d3.geo.orthographic	jasondavies	4	35
d3.geo.orthographic	christophermanning	2	35
d3.geo.orthographic	jeremybuis	3	35
d3.geo.orthographic	syntagmatic	1	35
d3.geo.orthographic	vlandham	1	35
d3.geo.path	mbostock	257	423
d3.geo.path	jasondavies	28	423
d3.geo.path	vlandham	7	423
d3.geo.path	syntagmatic	15	423
d3.geo.path	christophermanning	5	423
d3.geo.path	biovisualize	4	423
d3.geo.path	zjonsson	3	423
d3.geo.path	enjalot	43	423
d3.geo.path	herrstucki	4	423
d3.geo.path	emeeks	8	423
d3.geo.path	jeremybuis	5	423
d3.geo.path	timelyportfolio	5	423
d3.geo.path	mpmckenna8	8	423
d3.geo.path	milroc	4	423
d3.geo.path	NelsonMinar	4	423
d3.geo.path	gelicia	8	423
d3.geo.path	tomgp	4	423
d3.geo.path	jugglingnutcase	1	423
d3.geo.path	ramnathv	2	423
d3.geo.path	dougdowson	2	423
d3.geo.path	iros	6	423
d3.geo.peirceQuincuncial	syntagmatic	1	2
d3.geo.peirceQuincuncial	mbostock	1	2
d3.geo.polyconic	syntagmatic	1	8
d3.geo.polyconic	mbostock	2	8
d3.geo.polyconic	jasondavies	2	8
d3.geo.polyconic	enjalot	1	8
d3.geo.polyconic	emeeks	1	8
d3.geo.polyconic	vlandham	1	8
d3.geo.polyhedron.butterfly	mbostock	1	1
d3.geo.polyhedron	mbostock	3	5
d3.geo.polyhedron	syntagmatic	1	5
d3.geo.polyhedron	vlandham	1	5
d3.geo.polyhedron.waterman	mbostock	2	4
d3.geo.polyhedron.waterman	syntagmatic	1	4
d3.geo.polyhedron.waterman	vlandham	1	4
d3.geo.projection	mbostock	98	118
d3.geo.projection	syntagmatic	4	118
d3.geo.projection	jasondavies	6	118
d3.geo.projection	emeeks	5	118
d3.geo.projection	tomgp	1	118
d3.geo.projection	enjalot	2	118
d3.geo.projection	mpmckenna8	1	118
d3.geo.projection	vlandham	1	118
d3.geo.projectionMutator	syntagmatic	1	1
d3.geo.rectangularPolyconic	mbostock	1	2
d3.geo.rectangularPolyconic	vlandham	1	2
d3.geo.robinson	mbostock	2	8
d3.geo.robinson	syntagmatic	1	8
d3.geo.robinson	jasondavies	2	8
d3.geo.robinson	enjalot	1	8
d3.geo.robinson	emeeks	1	8
d3.geo.robinson	vlandham	1	8
d3.geo.rotation	mbostock	1	1
d3.geo.satellite	syntagmatic	2	9
d3.geo.satellite	mbostock	2	9
d3.geo.satellite	vlandham	1	9
d3.geo.satellite	emeeks	2	9
d3.geo.satellite	enjalot	2	9
d3.geo.sinuMollweide	syntagmatic	1	5
d3.geo.sinuMollweide	mbostock	3	5
d3.geo.sinuMollweide	vlandham	1	5
d3.geo.sinusoidal	syntagmatic	1	10
d3.geo.sinusoidal	mbostock	3	10
d3.geo.sinusoidal	jasondavies	3	10
d3.geo.sinusoidal	enjalot	1	10
d3.geo.sinusoidal	emeeks	1	10
d3.geo.sinusoidal	vlandham	1	10
d3.geo.stereographic	syntagmatic	1	8
d3.geo.stereographic	mbostock	2	8
d3.geo.stereographic	jasondavies	1	8
d3.geo.stereographic	christophermanning	2	8
d3.geo.stereographic	jeremybuis	1	8
d3.geo.stereographic	vlandham	1	8
d3.geo.stream	syntagmatic	1	1
d3.geo.tile	mbostock	9	15
d3.geo.tile	NelsonMinar	2	15
d3.geo.tile	jeremybuis	2	15
d3.geo.tile	vlandham	1	15
d3.geo.tile	emeeks	1	15
d3.geo.times	mbostock	1	3
d3.geo.times	syntagmatic	1	3
d3.geo.times	vlandham	1	3
d3.geo.transform	mbostock	11	11
d3.geo.transverseMercator	christophermanning	2	5
d3.geo.transverseMercator	mbostock	3	5
d3.geo.twoPointEquidistant	mbostock	2	2
d3.geo.vanDerGrinten	syntagmatic	1	13
d3.geo.vanDerGrinten	mbostock	6	13
d3.geo.vanDerGrinten	jasondavies	2	13
d3.geo.vanDerGrinten	enjalot	1	13
d3.geo.vanDerGrinten	emeeks	2	13
d3.geo.vanDerGrinten	vlandham	1	13
d3.geo.vanDerGrinten2	mbostock	1	2
d3.geo.vanDerGrinten2	vlandham	1	2
d3.geo.vanDerGrinten3	mbostock	1	2
d3.geo.vanDerGrinten3	vlandham	1	2
d3.geo.vanDerGrinten4	syntagmatic	1	5
d3.geo.vanDerGrinten4	mbostock	2	5
d3.geo.vanDerGrinten4	emeeks	1	5
d3.geo.vanDerGrinten4	vlandham	1	5
d3.geo.wagner4	syntagmatic	1	4
d3.geo.wagner4	mbostock	2	4
d3.geo.wagner4	vlandham	1	4
d3.geo.wagner6	mbostock	2	8
d3.geo.wagner6	syntagmatic	1	8
d3.geo.wagner6	jasondavies	2	8
d3.geo.wagner6	enjalot	1	8
d3.geo.wagner6	emeeks	1	8
d3.geo.wagner6	vlandham	1	8
d3.geo.wagner7	syntagmatic	1	4
d3.geo.wagner7	mbostock	2	4
d3.geo.wagner7	vlandham	1	4
d3.geo.wiechel	syntagmatic	1	2
d3.geo.wiechel	mbostock	1	2
d3.geo.winkel3	mbostock	4	10
d3.geo.winkel3	syntagmatic	1	10
d3.geo.winkel3	jasondavies	2	10
d3.geo.winkel3	enjalot	1	10
d3.geo.winkel3	emeeks	1	10
d3.geo.winkel3	vlandham	1	10
d3.geodesic	mbostock	3	6
d3.geodesic	biovisualize	1	6
d3.geodesic	vlandham	1	6
d3.geodesic	enjalot	1	6
d3.geom.contour	syntagmatic	1	5
d3.geom.contour	mbostock	2	5
d3.geom.contour	jasondavies	1	5
d3.geom.contour	milroc	1	5
d3.geom.hull	mbostock	3	6
d3.geom.hull	syntagmatic	1	6
d3.geom.hull	jasondavies	1	6
d3.geom.hull	milroc	1	6
d3.geom	mbostock	50	136
d3.geom	enjalot	53	136
d3.geom	jasondavies	4	136
d3.geom	christophermanning	4	136
d3.geom	zjonsson	3	136
d3.geom	syntagmatic	6	136
d3.geom	vlandham	1	136
d3.geom	sxv	2	136
d3.geom	emeeks	1	136
d3.geom	timelyportfolio	3	136
d3.geom	jeremybuis	1	136
d3.geom	milroc	7	136
d3.geom	mpmckenna8	1	136
d3.geom.polygon	christophermanning	1	34
d3.geom.polygon	mbostock	6	34
d3.geom.polygon	enjalot	19	34
d3.geom.polygon	syntagmatic	1	34
d3.geom.polygon	jasondavies	1	34
d3.geom.polygon	emeeks	1	34
d3.geom.polygon	timelyportfolio	2	34
d3.geom.polygon	jeremybuis	1	34
d3.geom.polygon	milroc	1	34
d3.geom.polygon	mpmckenna8	1	34
d3.geom.quadtree	mbostock	19	53
d3.geom.quadtree	christophermanning	1	53
d3.geom.quadtree	zjonsson	2	53
d3.geom.quadtree	syntagmatic	5	53
d3.geom.quadtree	enjalot	16	53
d3.geom.quadtree	jasondavies	1	53
d3.geom.quadtree	sxv	2	53
d3.geom.quadtree	milroc	7	53
d3.geom.voronoi	mbostock	19	64
d3.geom.voronoi	christophermanning	2	64
d3.geom.voronoi	enjalot	32	64
d3.geom.voronoi	syntagmatic	2	64
d3.geom.voronoi	jasondavies	2	64
d3.geom.voronoi	emeeks	1	64
d3.geom.voronoi	timelyportfolio	3	64
d3.geom.voronoi	jeremybuis	1	64
d3.geom.voronoi	milroc	1	64
d3.geom.voronoi	mpmckenna8	1	64
d3.hcl	mbostock	1	14
d3.hcl	jasondavies	1	14
d3.hcl	syntagmatic	5	14
d3.hcl	zjonsson	1	14
d3.hcl	sxv	1	14
d3.hcl	enjalot	2	14
d3.hcl	milroc	1	14
d3.hcl	herrstucki	2	14
d3.hexbin	mbostock	6	11
d3.hexbin	biovisualize	1	11
d3.hexbin	enjalot	1	11
d3.hexbin	ramnathv	1	11
d3.hexbin	timelyportfolio	1	11
d3.hexbin	milroc	1	11
d3.hive	mbostock	2	2
d3.horizon	mbostock	1	5
d3.horizon	timelyportfolio	4	5
d3.hsl	mbostock	13	27
d3.hsl	zjonsson	1	27
d3.hsl	syntagmatic	2	27
d3.hsl	jasondavies	1	27
d3.hsl	enjalot	4	27
d3.hsl	christophermanning	3	27
d3.hsl	milroc	3	27
d3.html	mbostock	2	9
d3.html	enjalot	1	9
d3.html	zjonsson	1	9
d3.html	syntagmatic	1	9
d3.html	jasondavies	1	9
d3.html	timelyportfolio	2	9
d3.html	milroc	1	9
d3.interpolate	mbostock	57	446
d3.interpolate	enjalot	328	446
d3.interpolate	biovisualize	2	446
d3.interpolate	zjonsson	2	446
d3.interpolate	christophermanning	2	446
d3.interpolate	syntagmatic	11	446
d3.interpolate	jasondavies	2	446
d3.interpolate	NelsonMinar	2	446
d3.interpolate	timelyportfolio	8	446
d3.interpolate	ramnathv	1	446
d3.interpolate	milroc	7	446
d3.interpolate	herrstucki	2	446
d3.interpolate	gelicia	15	446
d3.interpolate	hobbes7878	1	446
d3.interpolate	wiinci	1	446
d3.interpolate	vlandham	1	446
d3.interpolate	danharr	2	446
d3.interpolate	iros	2	446
d3.interpolateArray	zjonsson	1	6
d3.interpolateArray	syntagmatic	1	6
d3.interpolateArray	mbostock	1	6
d3.interpolateArray	jasondavies	1	6
d3.interpolateArray	enjalot	1	6
d3.interpolateArray	milroc	1	6
d3.interpolateHcl	mbostock	11	69
d3.interpolateHcl	enjalot	43	69
d3.interpolateHcl	syntagmatic	5	69
d3.interpolateHcl	jasondavies	1	69
d3.interpolateHcl	NelsonMinar	1	69
d3.interpolateHcl	milroc	4	69
d3.interpolateHcl	herrstucki	2	69
d3.interpolateHcl	gelicia	2	69
d3.interpolateHsl	zjonsson	1	179
d3.interpolateHsl	enjalot	160	179
d3.interpolateHsl	mbostock	2	179
d3.interpolateHsl	syntagmatic	3	179
d3.interpolateHsl	NelsonMinar	2	179
d3.interpolateHsl	jasondavies	1	179
d3.interpolateHsl	milroc	1	179
d3.interpolateHsl	timelyportfolio	1	179
d3.interpolateHsl	gelicia	8	179
d3.interpolateLab	mbostock	8	39
d3.interpolateLab	enjalot	17	39
d3.interpolateLab	syntagmatic	5	39
d3.interpolateLab	jasondavies	1	39
d3.interpolateLab	NelsonMinar	1	39
d3.interpolateLab	ramnathv	1	39
d3.interpolateLab	milroc	1	39
d3.interpolateLab	gelicia	1	39
d3.interpolateLab	vlandham	1	39
d3.interpolateLab	timelyportfolio	1	39
d3.interpolateLab	iros	2	39
d3.interpolateNumber	mbostock	6	102
d3.interpolateNumber	zjonsson	1	102
d3.interpolateNumber	syntagmatic	2	102
d3.interpolateNumber	enjalot	82	102
d3.interpolateNumber	jasondavies	2	102
d3.interpolateNumber	biovisualize	1	102
d3.interpolateNumber	timelyportfolio	1	102
d3.interpolateNumber	milroc	5	102
d3.interpolateNumber	christophermanning	1	102
d3.interpolateNumber	danharr	1	102
d3.interpolateObject	zjonsson	1	5
d3.interpolateObject	syntagmatic	1	5
d3.interpolateObject	mbostock	1	5
d3.interpolateObject	jasondavies	1	5
d3.interpolateObject	milroc	1	5
d3.interpolateRgb	mbostock	3	66
d3.interpolateRgb	enjalot	54	66
d3.interpolateRgb	biovisualize	1	66
d3.interpolateRgb	zjonsson	1	66
d3.interpolateRgb	syntagmatic	3	66
d3.interpolateRgb	jasondavies	1	66
d3.interpolateRgb	NelsonMinar	1	66
d3.interpolateRgb	milroc	1	66
d3.interpolateRgb	timelyportfolio	1	66
d3.interpolateRound	zjonsson	1	6
d3.interpolateRound	syntagmatic	2	6
d3.interpolateRound	mbostock	1	6
d3.interpolateRound	jasondavies	1	6
d3.interpolateRound	milroc	1	6
d3.interpolateString	mbostock	7	15
d3.interpolateString	zjonsson	1	15
d3.interpolateString	syntagmatic	1	15
d3.interpolateString	jasondavies	1	15
d3.interpolateString	enjalot	3	15
d3.interpolateString	milroc	1	15
d3.interpolateString	hobbes7878	1	15
d3.interpolateTransform	zjonsson	1	8
d3.interpolateTransform	syntagmatic	1	8
d3.interpolateTransform	mbostock	1	8
d3.interpolateTransform	enjalot	3	8
d3.interpolateTransform	jasondavies	1	8
d3.interpolateTransform	milroc	1	8
d3.interpolateZoom	mbostock	4	4
d3.interpolators	zjonsson	1	5
d3.interpolators	syntagmatic	1	5
d3.interpolators	mbostock	1	5
d3.interpolators	jasondavies	1	5
d3.interpolators	milroc	1	5
d3.json	mbostock	319	524
d3.json	jasondavies	28	524
d3.json	enjalot	51	524
d3.json	zjonsson	5	524
d3.json	christophermanning	6	524
d3.json	vlandham	7	524
d3.json	syntagmatic	20	524
d3.json	biovisualize	9	524
d3.json	emeeks	14	524
d3.json	timelyportfolio	10	524
d3.json	NelsonMinar	5	524
d3.json	herrstucki	5	524
d3.json	jeremybuis	5	524
d3.json	mpmckenna8	8	524
d3.json	milroc	6	524
d3.json	ramnathv	3	524
d3.json	gelicia	7	524
d3.json	jfsiii	1	524
d3.json	tomgp	5	524
d3.json	bollwyvl	2	524
d3.json	jugglingnutcase	4	524
d3.json	dougdowson	2	524
d3.json	danharr	1	524
d3.json	gisminister	1	524
d3.keys	mbostock	18	153
d3.keys	jasondavies	2	153
d3.keys	zjonsson	3	153
d3.keys	syntagmatic	34	153
d3.keys	enjalot	35	153
d3.keys	biovisualize	3	153
d3.keys	emeeks	4	153
d3.keys	timelyportfolio	40	153
d3.keys	ramnathv	3	153
d3.keys	milroc	2	153
d3.keys	jfsiii	1	153
d3.keys	pcj	1	153
d3.keys	bollwyvl	3	153
d3.keys	dougdowson	1	153
d3.keys	MikeCostelloe	1	153
d3.keys	danharr	2	153
d3.lab	mbostock	5	8
d3.lab	jasondavies	1	8
d3.lab	milroc	1	8
d3.lab	timelyportfolio	1	8
d3.layout.bundle	mbostock	5	9
d3.layout.bundle	syntagmatic	1	9
d3.layout.bundle	jasondavies	1	9
d3.layout.bundle	milroc	1	9
d3.layout.bundle	emeeks	1	9
d3.layout.chord	syntagmatic	3	15
d3.layout.chord	mbostock	4	15
d3.layout.chord	enjalot	3	15
d3.layout.chord	jasondavies	1	15
d3.layout.chord	biovisualize	2	15
d3.layout.chord	milroc	1	15
d3.layout.chord	danharr	1	15
d3.layout.cluster	jasondavies	2	14
d3.layout.cluster	mbostock	8	14
d3.layout.cluster	syntagmatic	1	14
d3.layout.cluster	biovisualize	1	14
d3.layout.cluster	milroc	1	14
d3.layout.cluster	emeeks	1	14
d3.layout.force	mbostock	45	123
d3.layout.force	jasondavies	2	123
d3.layout.force	christophermanning	7	123
d3.layout.force	zjonsson	4	123
d3.layout.force	syntagmatic	11	123
d3.layout.force	vlandham	3	123
d3.layout.force	emeeks	8	123
d3.layout.force	enjalot	25	123
d3.layout.force	timelyportfolio	3	123
d3.layout.force	sxv	2	123
d3.layout.force	milroc	7	123
d3.layout.force	biovisualize	2	123
d3.layout.force	jfsiii	1	123
d3.layout.force	danharr	1	123
d3.layout.force	bollwyvl	2	123
d3.layout.hierarchy	mbostock	2	7
d3.layout.hierarchy	syntagmatic	1	7
d3.layout.hierarchy	jasondavies	1	7
d3.layout.hierarchy	herrstucki	1	7
d3.layout.hierarchy	timelyportfolio	1	7
d3.layout.hierarchy	milroc	1	7
d3.layout.histogram	mbostock	5	15
d3.layout.histogram	syntagmatic	1	15
d3.layout.histogram	enjalot	6	15
d3.layout.histogram	jasondavies	1	15
d3.layout.histogram	timelyportfolio	1	15
d3.layout.histogram	milroc	1	15
d3.layout	mbostock	112	340
d3.layout	syntagmatic	18	340
d3.layout	jasondavies	8	340
d3.layout	enjalot	101	340
d3.layout	zjonsson	5	340
d3.layout	christophermanning	7	340
d3.layout	vlandham	3	340
d3.layout	emeeks	13	340
d3.layout	milroc	11	340
d3.layout	biovisualize	8	340
d3.layout	timelyportfolio	12	340
d3.layout	sxv	2	340
d3.layout	herrstucki	7	340
d3.layout	gelicia	12	340
d3.layout	ramnathv	1	340
d3.layout	jfsiii	2	340
d3.layout	jeremybuis	1	340
d3.layout	ckuijjer	2	340
d3.layout	pcj	1	340
d3.layout	bollwyvl	4	340
d3.layout	danharr	4	340
d3.layout	hobbes7878	1	340
d3.layout	jugglingnutcase	2	340
d3.layout	finiterank	1	340
d3.layout	gisminister	1	340
d3.layout	iros	1	340
d3.layout.pack	enjalot	2	20
d3.layout.pack	mbostock	11	20
d3.layout.pack	jasondavies	2	20
d3.layout.pack	syntagmatic	3	20
d3.layout.pack	milroc	1	20
d3.layout.pack	emeeks	1	20
d3.layout.partition	mbostock	9	24
d3.layout.partition	enjalot	1	24
d3.layout.partition	syntagmatic	1	24
d3.layout.partition	jasondavies	1	24
d3.layout.partition	biovisualize	1	24
d3.layout.partition	milroc	4	24
d3.layout.partition	timelyportfolio	2	24
d3.layout.partition	pcj	1	24
d3.layout.partition	bollwyvl	2	24
d3.layout.partition	danharr	2	24
d3.layout.pie	enjalot	46	80
d3.layout.pie	mbostock	15	80
d3.layout.pie	syntagmatic	2	80
d3.layout.pie	jasondavies	1	80
d3.layout.pie	emeeks	1	80
d3.layout.pie	timelyportfolio	2	80
d3.layout.pie	milroc	3	80
d3.layout.pie	gelicia	4	80
d3.layout.pie	biovisualize	1	80
d3.layout.pie	herrstucki	1	80
d3.layout.pie	ckuijjer	1	80
d3.layout.pie	hobbes7878	1	80
d3.layout.pie	gisminister	1	80
d3.layout.pie	iros	1	80
d3.layout.stack	mbostock	9	42
d3.layout.stack	zjonsson	1	42
d3.layout.stack	milroc	4	42
d3.layout.stack	syntagmatic	1	42
d3.layout.stack	jasondavies	1	42
d3.layout.stack	enjalot	7	42
d3.layout.stack	herrstucki	1	42
d3.layout.stack	gelicia	7	42
d3.layout.stack	timelyportfolio	6	42
d3.layout.stack	jfsiii	1	42
d3.layout.stack	jeremybuis	1	42
d3.layout.stack	ckuijjer	1	42
d3.layout.stack	jugglingnutcase	2	42
d3.layout.tree	mbostock	17	40
d3.layout.tree	jasondavies	4	40
d3.layout.tree	syntagmatic	3	40
d3.layout.tree	enjalot	5	40
d3.layout.tree	emeeks	1	40
d3.layout.tree	biovisualize	3	40
d3.layout.tree	gelicia	1	40
d3.layout.tree	timelyportfolio	3	40
d3.layout.tree	milroc	1	40
d3.layout.tree	ramnathv	1	40
d3.layout.tree	finiterank	1	40
d3.layout.treemap	mbostock	5	18
d3.layout.treemap	jasondavies	3	18
d3.layout.treemap	syntagmatic	1	18
d3.layout.treemap	enjalot	4	18
d3.layout.treemap	biovisualize	2	18
d3.layout.treemap	timelyportfolio	1	18
d3.layout.treemap	milroc	1	18
d3.layout.treemap	finiterank	1	18
d3.longscroll	jasondavies	1	1
d3.map	mbostock	8	21
d3.map	jasondavies	2	21
d3.map	syntagmatic	1	21
d3.map	enjalot	2	21
d3.map	milroc	1	21
d3.map	timelyportfolio	2	21
d3.map	vlandham	1	21
d3.map	dougdowson	1	21
d3.map	seemantk	1	21
d3.map	finiterank	1	21
d3.map	gisminister	1	21
d3.max	mbostock	56	378
d3.max	biovisualize	16	378
d3.max	zjonsson	7	378
d3.max	enjalot	166	378
d3.max	syntagmatic	17	378
d3.max	jasondavies	4	378
d3.max	timelyportfolio	28	378
d3.max	milroc	19	378
d3.max	NelsonMinar	1	378
d3.max	vlandham	2	378
d3.max	gelicia	27	378
d3.max	emeeks	5	378
d3.max	herrstucki	2	378
d3.max	ramnathv	3	378
d3.max	jfsiii	2	378
d3.max	bollwyvl	1	378
d3.max	jeremybuis	1	378
d3.max	ckuijjer	5	378
d3.max	tomgp	1	378
d3.max	christophermanning	1	378
d3.max	hobbes7878	1	378
d3.max	mpmckenna8	5	378
d3.max	dougdowson	3	378
d3.max	MikeCostelloe	1	378
d3.max	seemantk	1	378
d3.max	jugglingnutcase	2	378
d3.max	iros	1	378
d3.mean	zjonsson	1	13
d3.mean	syntagmatic	1	13
d3.mean	mbostock	2	13
d3.mean	jasondavies	1	13
d3.mean	milroc	1	13
d3.mean	enjalot	3	13
d3.mean	biovisualize	1	13
d3.mean	gelicia	3	13
d3.median	zjonsson	1	7
d3.median	syntagmatic	1	7
d3.median	mbostock	2	7
d3.median	jasondavies	1	7
d3.median	milroc	2	7
d3.merge	mbostock	13	36
d3.merge	zjonsson	3	36
d3.merge	milroc	3	36
d3.merge	biovisualize	6	36
d3.merge	syntagmatic	2	36
d3.merge	jasondavies	1	36
d3.merge	vlandham	1	36
d3.merge	timelyportfolio	4	36
d3.merge	herrstucki	1	36
d3.merge	bollwyvl	1	36
d3.merge	dougdowson	1	36
d3.min	mbostock	14	229
d3.min	jasondavies	7	229
d3.min	biovisualize	6	229
d3.min	zjonsson	3	229
d3.min	syntagmatic	21	229
d3.min	timelyportfolio	24	229
d3.min	enjalot	108	229
d3.min	NelsonMinar	1	229
d3.min	milroc	4	229
d3.min	emeeks	3	229
d3.min	christophermanning	3	229
d3.min	herrstucki	1	229
d3.min	jeremybuis	1	229
d3.min	gelicia	2	229
d3.min	jfsiii	1	229
d3.min	bollwyvl	3	229
d3.min	ckuijjer	1	229
d3.min	ramnathv	19	229
d3.min	tomgp	2	229
d3.min	hobbes7878	1	229
d3.min	vlandham	1	229
d3.min	dougdowson	1	229
d3.min	MikeCostelloe	1	229
d3.min	iros	1	229
d3.mouse	mbostock	39	207
d3.mouse	syntagmatic	12	207
d3.mouse	jasondavies	6	207
d3.mouse	biovisualize	3	207
d3.mouse	milroc	7	207
d3.mouse	enjalot	113	207
d3.mouse	emeeks	2	207
d3.mouse	sxv	2	207
d3.mouse	jeremybuis	3	207
d3.mouse	christophermanning	1	207
d3.mouse	timelyportfolio	9	207
d3.mouse	danharr	2	207
d3.mouse	NelsonMinar	1	207
d3.mouse	tomgp	2	207
d3.mouse	bollwyvl	1	207
d3.mouse	vlandham	1	207
d3.mouse	gelicia	1	207
d3.mouse	magrawala	1	207
d3.mouse	seemantk	1	207
d3.nest	mbostock	25	168
d3.nest	jasondavies	4	168
d3.nest	zjonsson	4	168
d3.nest	syntagmatic	3	168
d3.nest	timelyportfolio	46	168
d3.nest	enjalot	10	168
d3.nest	biovisualize	1	168
d3.nest	bollwyvl	2	168
d3.nest	herrstucki	3	168
d3.nest	ramnathv	45	168
d3.nest	milroc	4	168
d3.nest	gelicia	10	168
d3.nest	jfsiii	1	168
d3.nest	jeremybuis	1	168
d3.nest	ckuijjer	1	168
d3.nest	dougdowson	4	168
d3.nest	danharr	1	168
d3.nest	seemantk	1	168
d3.nest	jugglingnutcase	1	168
d3.nest	gisminister	1	168
d3.ns.prefix	mbostock	4	13
d3.ns.prefix	zjonsson	4	13
d3.ns.prefix	biovisualize	1	13
d3.ns.prefix	syntagmatic	1	13
d3.ns.prefix	jasondavies	1	13
d3.ns.prefix	milroc	1	13
d3.ns.prefix	gisminister	1	13
d3.ns.qualify	zjonsson	1	5
d3.ns.qualify	syntagmatic	1	5
d3.ns.qualify	mbostock	1	5
d3.ns.qualify	jasondavies	1	5
d3.ns.qualify	milroc	1	5
d3.pairs	herrstucki	1	1
d3.permute	zjonsson	1	5
d3.permute	syntagmatic	1	5
d3.permute	mbostock	1	5
d3.permute	jasondavies	1	5
d3.permute	milroc	1	5
d3.qq	mbostock	1	1
d3.quantile	zjonsson	1	12
d3.quantile	syntagmatic	1	12
d3.quantile	mbostock	3	12
d3.quantile	jasondavies	1	12
d3.quantile	milroc	4	12
d3.quantile	timelyportfolio	2	12
d3.random.bates	mbostock	1	1
d3.random.logNormal	mbostock	1	1
d3.random.normal	mbostock	19	26
d3.random.normal	zjonsson	1	26
d3.random.normal	milroc	2	26
d3.random.normal	jasondavies	1	26
d3.random.normal	timelyportfolio	1	26
d3.random.normal	enjalot	1	26
d3.random.normal	mpmckenna8	1	26
d3.range	mbostock	125	824
d3.range	syntagmatic	31	824
d3.range	jasondavies	11	824
d3.range	biovisualize	24	824
d3.range	enjalot	524	824
d3.range	zjonsson	14	824
d3.range	christophermanning	7	824
d3.range	vlandham	2	824
d3.range	milroc	16	824
d3.range	timelyportfolio	12	824
d3.range	NelsonMinar	2	824
d3.range	sxv	2	824
d3.range	jfsiii	4	824
d3.range	gelicia	27	824
d3.range	bollwyvl	2	824
d3.range	emeeks	1	824
d3.range	jeremybuis	1	824
d3.range	herrstucki	6	824
d3.range	ramnathv	3	824
d3.range	ckuijjer	2	824
d3.range	tomgp	3	824
d3.range	mpmckenna8	2	824
d3.range	dougdowson	1	824
d3.range	danharr	1	824
d3.range	jugglingnutcase	1	824
d3.rebind	zjonsson	1	76
d3.rebind	mbostock	2	76
d3.rebind	syntagmatic	6	76
d3.rebind	enjalot	37	76
d3.rebind	emeeks	1	76
d3.rebind	jasondavies	2	76
d3.rebind	biovisualize	6	76
d3.rebind	christophermanning	1	76
d3.rebind	timelyportfolio	6	76
d3.rebind	herrstucki	1	76
d3.rebind	milroc	10	76
d3.rebind	ramnathv	1	76
d3.rebind	bollwyvl	1	76
d3.rebind	danharr	1	76
d3.requote	zjonsson	1	5
d3.requote	syntagmatic	1	5
d3.requote	mbostock	1	5
d3.requote	jasondavies	1	5
d3.requote	milroc	1	5
d3.rgb	mbostock	11	95
d3.rgb	zjonsson	1	95
d3.rgb	vlandham	1	95
d3.rgb	enjalot	48	95
d3.rgb	syntagmatic	1	95
d3.rgb	jasondavies	1	95
d3.rgb	biovisualize	2	95
d3.rgb	christophermanning	1	95
d3.rgb	timelyportfolio	11	95
d3.rgb	danharr	1	95
d3.rgb	milroc	7	95
d3.rgb	jfsiii	1	95
d3.rgb	gelicia	5	95
d3.rgb	ramnathv	2	95
d3.rgb	finiterank	1	95
d3.rgb	jugglingnutcase	1	95
d3.rollup	mbostock	1	1
d3.round	zjonsson	1	16
d3.round	mbostock	4	16
d3.round	biovisualize	1	16
d3.round	syntagmatic	1	16
d3.round	jasondavies	1	16
d3.round	vlandham	2	16
d3.round	enjalot	3	16
d3.round	timelyportfolio	1	16
d3.round	milroc	1	16
d3.round	dougdowson	1	16
d3.sankey	biovisualize	2	14
d3.sankey	timelyportfolio	8	14
d3.sankey	enjalot	1	14
d3.sankey	jfsiii	1	14
d3.sankey	ramnathv	2	14
d3.scale.category	mbostock	70	377
d3.scale.category	enjalot	191	377
d3.scale.category	jasondavies	6	377
d3.scale.category	zjonsson	6	377
d3.scale.category	christophermanning	3	377
d3.scale.category	syntagmatic	12	377
d3.scale.category	vlandham	2	377
d3.scale.category	milroc	11	377
d3.scale.category	timelyportfolio	32	377
d3.scale.category	biovisualize	8	377
d3.scale.category	emeeks	2	377
d3.scale.category	gelicia	14	377
d3.scale.category	bollwyvl	1	377
d3.scale.category	ramnathv	3	377
d3.scale.category	herrstucki	1	377
d3.scale.category	jfsiii	5	377
d3.scale.category	iros	4	377
d3.scale.category	danharr	2	377
d3.scale.category	tomgp	1	377
d3.scale.category	mpmckenna8	2	377
d3.scale.category	MikeCostelloe	1	377
d3.scale.identity	mbostock	11	23
d3.scale.identity	syntagmatic	4	23
d3.scale.identity	jasondavies	1	23
d3.scale.identity	christophermanning	1	23
d3.scale.identity	enjalot	2	23
d3.scale.identity	zjonsson	1	23
d3.scale.identity	milroc	1	23
d3.scale.identity	biovisualize	1	23
d3.scale.identity	gelicia	1	23
d3.scale	mbostock	259	1310
d3.scale	syntagmatic	60	1310
d3.scale	jasondavies	18	1310
d3.scale	enjalot	631	1310
d3.scale	zjonsson	24	1310
d3.scale	biovisualize	29	1310
d3.scale	christophermanning	13	1310
d3.scale	vlandham	7	1310
d3.scale	emeeks	13	1310
d3.scale	milroc	30	1310
d3.scale	timelyportfolio	58	1310
d3.scale	NelsonMinar	2	1310
d3.scale	jugglingnutcase	3	1310
d3.scale	sxv	2	1310
d3.scale	herrstucki	12	1310
d3.scale	gelicia	63	1310
d3.scale	bollwyvl	5	1310
d3.scale	ramnathv	7	1310
d3.scale	iros	17	1310
d3.scale	jeremybuis	2	1310
d3.scale	jfsiii	5	1310
d3.scale	ckuijjer	7	1310
d3.scale	tomgp	10	1310
d3.scale	hobbes7878	3	1310
d3.scale	danharr	13	1310
d3.scale	mpmckenna8	7	1310
d3.scale	wiinci	1	1310
d3.scale	dougdowson	6	1310
d3.scale	MikeCostelloe	2	1310
d3.scale	seemantk	1	1310
d3.scale.linear	mbostock	156	932
d3.scale.linear	jasondavies	13	932
d3.scale.linear	enjalot	441	932
d3.scale.linear	zjonsson	22	932
d3.scale.linear	biovisualize	22	932
d3.scale.linear	christophermanning	7	932
d3.scale.linear	syntagmatic	46	932
d3.scale.linear	emeeks	11	932
d3.scale.linear	milroc	28	932
d3.scale.linear	timelyportfolio	43	932
d3.scale.linear	NelsonMinar	2	932
d3.scale.linear	vlandham	4	932
d3.scale.linear	jugglingnutcase	3	932
d3.scale.linear	sxv	2	932
d3.scale.linear	herrstucki	9	932
d3.scale.linear	gelicia	55	932
d3.scale.linear	bollwyvl	3	932
d3.scale.linear	ramnathv	4	932
d3.scale.linear	iros	15	932
d3.scale.linear	jeremybuis	2	932
d3.scale.linear	jfsiii	3	932
d3.scale.linear	ckuijjer	7	932
d3.scale.linear	tomgp	9	932
d3.scale.linear	hobbes7878	2	932
d3.scale.linear	mpmckenna8	5	932
d3.scale.linear	wiinci	1	932
d3.scale.linear	dougdowson	5	932
d3.scale.linear	danharr	10	932
d3.scale.linear	MikeCostelloe	2	932
d3.scale.log	mbostock	9	23
d3.scale.log	zjonsson	1	23
d3.scale.log	jasondavies	2	23
d3.scale.log	enjalot	3	23
d3.scale.log	syntagmatic	1	23
d3.scale.log	timelyportfolio	2	23
d3.scale.log	milroc	1	23
d3.scale.log	biovisualize	1	23
d3.scale.log	bollwyvl	2	23
d3.scale.log	seemantk	1	23
d3.scale.ordinal	mbostock	63	366
d3.scale.ordinal	syntagmatic	33	366
d3.scale.ordinal	jasondavies	3	366
d3.scale.ordinal	enjalot	174	366
d3.scale.ordinal	biovisualize	5	366
d3.scale.ordinal	zjonsson	5	366
d3.scale.ordinal	milroc	18	366
d3.scale.ordinal	timelyportfolio	14	366
d3.scale.ordinal	emeeks	3	366
d3.scale.ordinal	vlandham	1	366
d3.scale.ordinal	herrstucki	6	366
d3.scale.ordinal	gelicia	19	366
d3.scale.ordinal	ramnathv	2	366
d3.scale.ordinal	jfsiii	2	366
d3.scale.ordinal	jeremybuis	1	366
d3.scale.ordinal	ckuijjer	1	366
d3.scale.ordinal	hobbes7878	3	366
d3.scale.ordinal	bollwyvl	1	366
d3.scale.ordinal	mpmckenna8	3	366
d3.scale.ordinal	dougdowson	3	366
d3.scale.ordinal	danharr	1	366
d3.scale.ordinal	seemantk	1	366
d3.scale.ordinal	MikeCostelloe	1	366
d3.scale.ordinal	jugglingnutcase	1	366
d3.scale.ordinal	iros	2	366
d3.scale.pow	zjonsson	1	9
d3.scale.pow	syntagmatic	1	9
d3.scale.pow	mbostock	1	9
d3.scale.pow	jasondavies	1	9
d3.scale.pow	timelyportfolio	2	9
d3.scale.pow	milroc	1	9
d3.scale.pow	enjalot	1	9
d3.scale.pow	biovisualize	1	9
d3.scale.quantile	zjonsson	1	7
d3.scale.quantile	syntagmatic	1	7
d3.scale.quantile	mbostock	1	7
d3.scale.quantile	jasondavies	1	7
d3.scale.quantile	enjalot	1	7
d3.scale.quantile	milroc	2	7
d3.scale.quantize	zjonsson	1	23
d3.scale.quantize	mbostock	7	23
d3.scale.quantize	christophermanning	2	23
d3.scale.quantize	syntagmatic	1	23
d3.scale.quantize	jasondavies	1	23
d3.scale.quantize	timelyportfolio	2	23
d3.scale.quantize	emeeks	3	23
d3.scale.quantize	milroc	3	23
d3.scale.quantize	gelicia	1	23
d3.scale.quantize	ramnathv	2	23
d3.scale.sqrt	mbostock	13	65
d3.scale.sqrt	enjalot	29	65
d3.scale.sqrt	zjonsson	1	65
d3.scale.sqrt	syntagmatic	5	65
d3.scale.sqrt	jasondavies	1	65
d3.scale.sqrt	timelyportfolio	3	65
d3.scale.sqrt	milroc	8	65
d3.scale.sqrt	herrstucki	5	65
d3.scale.threshold	mbostock	7	13
d3.scale.threshold	jasondavies	1	13
d3.scale.threshold	milroc	2	13
d3.scale.threshold	herrstucki	1	13
d3.scale.threshold	enjalot	1	13
d3.scale.threshold	dougdowson	1	13
d3.select	mbostock	650	2522
d3.select	NelsonMinar	9	2522
d3.select	biovisualize	83	2522
d3.select	syntagmatic	103	2522
d3.select	jasondavies	53	2522
d3.select	enjalot	1092	2522
d3.select	zjonsson	36	2522
d3.select	christophermanning	29	2522
d3.select	vlandham	20	2522
d3.select	emeeks	26	2522
d3.select	iros	18	2522
d3.select	milroc	34	2522
d3.select	timelyportfolio	90	2522
d3.select	jugglingnutcase	5	2522
d3.select	herrstucki	16	2522
d3.select	gelicia	102	2522
d3.select	sxv	3	2522
d3.select	jfsiii	9	2522
d3.select	jeremybuis	7	2522
d3.select	bollwyvl	8	2522
d3.select	ramnathv	53	2522
d3.select	danharr	20	2522
d3.select	mpmckenna8	15	2522
d3.select	tomgp	15	2522
d3.select	ckuijjer	7	2522
d3.select	pcj	1	2522
d3.select	hobbes7878	3	2522
d3.select	sebg	1	2522
d3.select	wiinci	1	2522
d3.select	magrawala	1	2522
d3.select	dougdowson	7	2522
d3.select	MikeCostelloe	2	2522
d3.select	seemantk	1	2522
d3.select	finiterank	1	2522
d3.select	gisminister	1	2522
d3.selectAll	mbostock	29	220
d3.selectAll	NelsonMinar	4	220
d3.selectAll	biovisualize	9	220
d3.selectAll	enjalot	53	220
d3.selectAll	zjonsson	6	220
d3.selectAll	jasondavies	3	220
d3.selectAll	syntagmatic	31	220
d3.selectAll	milroc	7	220
d3.selectAll	timelyportfolio	20	220
d3.selectAll	christophermanning	5	220
d3.selectAll	gelicia	17	220
d3.selectAll	emeeks	12	220
d3.selectAll	sxv	1	220
d3.selectAll	herrstucki	4	220
d3.selectAll	bollwyvl	4	220
d3.selectAll	ramnathv	2	220
d3.selectAll	jeremybuis	1	220
d3.selectAll	jfsiii	1	220
d3.selectAll	tomgp	1	220
d3.selectAll	pcj	1	220
d3.selectAll	hobbes7878	3	220
d3.selectAll	vlandham	1	220
d3.selectAll	dougdowson	2	220
d3.selectAll	danharr	1	220
d3.selectAll	iros	2	220
d3.selection	mbostock	2	14
d3.selection	NelsonMinar	1	14
d3.selection	zjonsson	1	14
d3.selection	syntagmatic	2	14
d3.selection	enjalot	3	14
d3.selection	jasondavies	1	14
d3.selection	biovisualize	1	14
d3.selection	jeremybuis	1	14
d3.selection	milroc	1	14
d3.selection	timelyportfolio	1	14
d3.set	mbostock	4	10
d3.set	milroc	4	10
d3.set	emeeks	2	10
d3.shuffle	mbostock	1	2
d3.shuffle	milroc	1	2
d3.sum	mbostock	5	33
d3.sum	biovisualize	3	33
d3.sum	zjonsson	1	33
d3.sum	syntagmatic	1	33
d3.sum	jasondavies	1	33
d3.sum	enjalot	6	33
d3.sum	timelyportfolio	4	33
d3.sum	gelicia	4	33
d3.sum	milroc	4	33
d3.sum	herrstucki	1	33
d3.sum	tomgp	1	33
d3.sum	emeeks	1	33
d3.sum	gisminister	1	33
d3.superformula	mbostock	2	4
d3.superformula	enjalot	2	4
d3.svg.arc	mbostock	37	181
d3.svg.arc	syntagmatic	7	181
d3.svg.arc	enjalot	96	181
d3.svg.arc	NelsonMinar	2	181
d3.svg.arc	zjonsson	1	181
d3.svg.arc	jasondavies	1	181
d3.svg.arc	biovisualize	4	181
d3.svg.arc	sxv	1	181
d3.svg.arc	emeeks	1	181
d3.svg.arc	timelyportfolio	6	181
d3.svg.arc	milroc	5	181
d3.svg.arc	gelicia	8	181
d3.svg.arc	christophermanning	1	181
d3.svg.arc	ckuijjer	1	181
d3.svg.arc	pcj	1	181
d3.svg.arc	bollwyvl	2	181
d3.svg.arc	hobbes7878	1	181
d3.svg.arc	wiinci	1	181
d3.svg.arc	danharr	3	181
d3.svg.arc	gisminister	1	181
d3.svg.arc	iros	1	181
d3.svg.area	mbostock	18	63
d3.svg.area	biovisualize	1	63
d3.svg.area	zjonsson	2	63
d3.svg.area	timelyportfolio	8	63
d3.svg.area	syntagmatic	1	63
d3.svg.area	enjalot	12	63
d3.svg.area	jasondavies	1	63
d3.svg.area	vlandham	1	63
d3.svg.area	milroc	6	63
d3.svg.area	herrstucki	1	63
d3.svg.area	bollwyvl	1	63
d3.svg.area	gelicia	4	63
d3.svg.area	jeremybuis	1	63
d3.svg.area	dougdowson	1	63
d3.svg.area	danharr	1	63
d3.svg.area	MikeCostelloe	1	63
d3.svg.area	jugglingnutcase	1	63
d3.svg.area	iros	2	63
d3.svg.area.radial	biovisualize	1	7
d3.svg.area.radial	zjonsson	1	7
d3.svg.area.radial	mbostock	2	7
d3.svg.area.radial	syntagmatic	1	7
d3.svg.area.radial	jasondavies	1	7
d3.svg.area.radial	milroc	1	7
d3.svg.axis	mbostock	114	369
d3.svg.axis	biovisualize	15	369
d3.svg.axis	zjonsson	10	369
d3.svg.axis	enjalot	68	369
d3.svg.axis	jasondavies	7	369
d3.svg.axis	syntagmatic	35	369
d3.svg.axis	milroc	23	369
d3.svg.axis	timelyportfolio	35	369
d3.svg.axis	vlandham	3	369
d3.svg.axis	emeeks	5	369
d3.svg.axis	herrstucki	2	369
d3.svg.axis	gelicia	16	369
d3.svg.axis	ramnathv	3	369
d3.svg.axis	jfsiii	2	369
d3.svg.axis	bollwyvl	2	369
d3.svg.axis	jeremybuis	1	369
d3.svg.axis	ckuijjer	6	369
d3.svg.axis	christophermanning	1	369
d3.svg.axis	tomgp	3	369
d3.svg.axis	hobbes7878	2	369
d3.svg.axis	mpmckenna8	4	369
d3.svg.axis	dougdowson	5	369
d3.svg.axis	MikeCostelloe	2	369
d3.svg.axis	danharr	3	369
d3.svg.axis	seemantk	1	369
d3.svg.axis	iros	1	369
d3.svg.brush	mbostock	20	108
d3.svg.brush	jasondavies	2	108
d3.svg.brush	zjonsson	2	108
d3.svg.brush	syntagmatic	25	108
d3.svg.brush	enjalot	28	108
d3.svg.brush	vlandham	2	108
d3.svg.brush	emeeks	5	108
d3.svg.brush	timelyportfolio	7	108
d3.svg.brush	ramnathv	1	108
d3.svg.brush	milroc	11	108
d3.svg.brush	biovisualize	1	108
d3.svg.brush	tomgp	2	108
d3.svg.brush	danharr	1	108
d3.svg.brush	seemantk	1	108
d3.svg.chord	syntagmatic	3	16
d3.svg.chord	mbostock	4	16
d3.svg.chord	zjonsson	1	16
d3.svg.chord	enjalot	3	16
d3.svg.chord	jasondavies	1	16
d3.svg.chord	biovisualize	2	16
d3.svg.chord	milroc	1	16
d3.svg.chord	danharr	1	16
d3.svg.diagonal	mbostock	12	25
d3.svg.diagonal	jasondavies	3	25
d3.svg.diagonal	zjonsson	1	25
d3.svg.diagonal	syntagmatic	3	25
d3.svg.diagonal	enjalot	2	25
d3.svg.diagonal	emeeks	1	25
d3.svg.diagonal	gelicia	1	25
d3.svg.diagonal	milroc	1	25
d3.svg.diagonal	ramnathv	1	25
d3.svg.diagonal.radial	zjonsson	1	10
d3.svg.diagonal.radial	syntagmatic	3	10
d3.svg.diagonal.radial	mbostock	3	10
d3.svg.diagonal.radial	jasondavies	1	10
d3.svg.diagonal.radial	enjalot	1	10
d3.svg.diagonal.radial	milroc	1	10
d3.svg	mbostock	194	775
d3.svg	syntagmatic	43	775
d3.svg	jasondavies	13	775
d3.svg	enjalot	289	775
d3.svg	NelsonMinar	2	775
d3.svg	biovisualize	25	775
d3.svg	zjonsson	19	775
d3.svg	emeeks	13	775
d3.svg	milroc	26	775
d3.svg	timelyportfolio	44	775
d3.svg	vlandham	4	775
d3.svg	jugglingnutcase	2	775
d3.svg	christophermanning	11	775
d3.svg	sxv	1	775
d3.svg	herrstucki	5	775
d3.svg	gelicia	27	775
d3.svg	bollwyvl	5	775
d3.svg	ramnathv	4	775
d3.svg	jeremybuis	2	775
d3.svg	jfsiii	3	775
d3.svg	ckuijjer	7	775
d3.svg	tomgp	5	775
d3.svg	pcj	1	775
d3.svg	hobbes7878	3	775
d3.svg	mpmckenna8	4	775
d3.svg	wiinci	1	775
d3.svg	dougdowson	5	775
d3.svg	danharr	10	775
d3.svg	MikeCostelloe	2	775
d3.svg	seemantk	1	775
d3.svg	gisminister	1	775
d3.svg	iros	3	775
d3.svg.line	mbostock	54	307
d3.svg.line	jasondavies	6	307
d3.svg.line	biovisualize	13	307
d3.svg.line	enjalot	115	307
d3.svg.line	zjonsson	9	307
d3.svg.line	syntagmatic	36	307
d3.svg.line	emeeks	7	307
d3.svg.line	milroc	7	307
d3.svg.line	timelyportfolio	25	307
d3.svg.line	jugglingnutcase	1	307
d3.svg.line	christophermanning	8	307
d3.svg.line	gelicia	3	307
d3.svg.line	bollwyvl	2	307
d3.svg.line	herrstucki	1	307
d3.svg.line	jeremybuis	1	307
d3.svg.line	jfsiii	2	307
d3.svg.line	tomgp	4	307
d3.svg.line	ckuijjer	3	307
d3.svg.line	vlandham	1	307
d3.svg.line	dougdowson	3	307
d3.svg.line	MikeCostelloe	2	307
d3.svg.line	danharr	4	307
d3.svg.line.radial	mbostock	5	16
d3.svg.line.radial	biovisualize	1	16
d3.svg.line.radial	zjonsson	1	16
d3.svg.line.radial	syntagmatic	4	16
d3.svg.line.radial	jasondavies	1	16
d3.svg.line.radial	milroc	2	16
d3.svg.line.radial	timelyportfolio	1	16
d3.svg.line.radial	emeeks	1	16
d3.svg.symbol	mbostock	7	21
d3.svg.symbol	zjonsson	1	21
d3.svg.symbol	syntagmatic	1	21
d3.svg.symbol	jasondavies	1	21
d3.svg.symbol	vlandham	1	21
d3.svg.symbol	enjalot	3	21
d3.svg.symbol	timelyportfolio	3	21
d3.svg.symbol	milroc	2	21
d3.svg.symbol	herrstucki	2	21
d3.svg.symbolTypes	mbostock	3	9
d3.svg.symbolTypes	zjonsson	1	9
d3.svg.symbolTypes	syntagmatic	1	9
d3.svg.symbolTypes	jasondavies	1	9
d3.svg.symbolTypes	vlandham	1	9
d3.svg.symbolTypes	milroc	2	9
d3.text	zjonsson	1	15
d3.text	mbostock	2	15
d3.text	syntagmatic	5	15
d3.text	jasondavies	1	15
d3.text	timelyportfolio	1	15
d3.text	milroc	1	15
d3.text	pcj	1	15
d3.text	bollwyvl	1	15
d3.text	christophermanning	1	15
d3.text	danharr	1	15
d3.time.day	mbostock	15	49
d3.time.day	syntagmatic	1	49
d3.time.day	jasondavies	1	49
d3.time.day	enjalot	21	49
d3.time.day	zjonsson	1	49
d3.time.day	timelyportfolio	2	49
d3.time.day	biovisualize	1	49
d3.time.day	herrstucki	1	49
d3.time.day	milroc	2	49
d3.time.day	gelicia	4	49
d3.time.dayOfYear	syntagmatic	1	5
d3.time.dayOfYear	mbostock	2	5
d3.time.dayOfYear	jasondavies	1	5
d3.time.dayOfYear	milroc	1	5
d3.time.days	mbostock	7	19
d3.time.days	syntagmatic	1	19
d3.time.days	jasondavies	1	19
d3.time.days	enjalot	4	19
d3.time.days	timelyportfolio	1	19
d3.time.days	milroc	1	19
d3.time.days	gelicia	4	19
d3.time.format.iso	syntagmatic	2	7
d3.time.format.iso	mbostock	1	7
d3.time.format.iso	jasondavies	1	7
d3.time.format.iso	zjonsson	1	7
d3.time.format.iso	biovisualize	1	7
d3.time.format.iso	milroc	1	7
d3.time.format	mbostock	40	172
d3.time.format	zjonsson	4	172
d3.time.format	enjalot	45	172
d3.time.format	timelyportfolio	31	172
d3.time.format	syntagmatic	5	172
d3.time.format	jasondavies	1	172
d3.time.format	vlandham	1	172
d3.time.format	jugglingnutcase	3	172
d3.time.format	biovisualize	7	172
d3.time.format	herrstucki	2	172
d3.time.format	milroc	9	172
d3.time.format	gelicia	12	172
d3.time.format	jfsiii	2	172
d3.time.format	jeremybuis	1	172
d3.time.format	ckuijjer	1	172
d3.time.format	ramnathv	2	172
d3.time.format	tomgp	2	172
d3.time.format	dougdowson	1	172
d3.time.format	MikeCostelloe	2	172
d3.time.format	seemantk	1	172
d3.time.format.multi	mbostock	1	2
d3.time.format.multi	milroc	1	2
d3.time.format.utc	syntagmatic	1	15
d3.time.format.utc	mbostock	2	15
d3.time.format.utc	jasondavies	1	15
d3.time.format.utc	jugglingnutcase	1	15
d3.time.format.utc	enjalot	9	15
d3.time.format.utc	milroc	1	15
d3.time.hour	syntagmatic	1	12
d3.time.hour	mbostock	3	12
d3.time.hour	jasondavies	1	12
d3.time.hour	enjalot	3	12
d3.time.hour	timelyportfolio	1	12
d3.time.hour	milroc	2	12
d3.time.hour	gelicia	1	12
d3.time.hours	syntagmatic	1	7
d3.time.hours	mbostock	3	7
d3.time.hours	jasondavies	1	7
d3.time.hours	enjalot	1	7
d3.time.hours	milroc	1	7
d3.time	mbostock	112	366
d3.time	biovisualize	11	366
d3.time	zjonsson	7	366
d3.time	enjalot	100	366
d3.time	jasondavies	13	366
d3.time	timelyportfolio	42	366
d3.time	syntagmatic	20	366
d3.time	vlandham	2	366
d3.time	jugglingnutcase	4	366
d3.time	christophermanning	10	366
d3.time	herrstucki	2	366
d3.time	jeremybuis	2	366
d3.time	ramnathv	4	366
d3.time	milroc	12	366
d3.time	gelicia	13	366
d3.time	jfsiii	2	366
d3.time	ckuijjer	2	366
d3.time	tomgp	2	366
d3.time	dougdowson	1	366
d3.time	MikeCostelloe	2	366
d3.time	seemantk	1	366
d3.time	danharr	1	366
d3.time	iros	1	366
d3.time.minute	syntagmatic	1	5
d3.time.minute	mbostock	1	5
d3.time.minute	jasondavies	1	5
d3.time.minute	timelyportfolio	1	5
d3.time.minute	milroc	1	5
d3.time.minutes	syntagmatic	1	4
d3.time.minutes	mbostock	1	4
d3.time.minutes	jasondavies	1	4
d3.time.minutes	milroc	1	4
d3.time.monday	syntagmatic	1	4
d3.time.monday	mbostock	1	4
d3.time.monday	jasondavies	1	4
d3.time.monday	milroc	1	4
d3.time.mondayOfYear	syntagmatic	1	4
d3.time.mondayOfYear	mbostock	1	4
d3.time.mondayOfYear	jasondavies	1	4
d3.time.mondayOfYear	milroc	1	4
d3.time.month	mbostock	6	23
d3.time.month	syntagmatic	4	23
d3.time.month	jasondavies	1	23
d3.time.month	enjalot	2	23
d3.time.month	zjonsson	1	23
d3.time.month	timelyportfolio	4	23
d3.time.month	herrstucki	1	23
d3.time.month	milroc	1	23
d3.time.month	gelicia	3	23
d3.time.months	mbostock	4	17
d3.time.months	syntagmatic	4	17
d3.time.months	jasondavies	1	17
d3.time.months	enjalot	2	17
d3.time.months	zjonsson	1	17
d3.time.months	timelyportfolio	1	17
d3.time.months	milroc	1	17
d3.time.months	gelicia	3	17
d3.time.scale	mbostock	43	186
d3.time.scale	biovisualize	8	186
d3.time.scale	zjonsson	5	186
d3.time.scale	jasondavies	2	186
d3.time.scale	timelyportfolio	22	186
d3.time.scale	syntagmatic	5	186
d3.time.scale	enjalot	70	186
d3.time.scale	vlandham	1	186
d3.time.scale	jugglingnutcase	1	186
d3.time.scale	herrstucki	2	186
d3.time.scale	milroc	8	186
d3.time.scale	gelicia	10	186
d3.time.scale	jfsiii	1	186
d3.time.scale	jeremybuis	1	186
d3.time.scale	ckuijjer	2	186
d3.time.scale	dougdowson	1	186
d3.time.scale	MikeCostelloe	2	186
d3.time.scale	seemantk	1	186
d3.time.scale	danharr	1	186
d3.time.second	syntagmatic	1	6
d3.time.second	mbostock	2	6
d3.time.second	jasondavies	1	6
d3.time.second	timelyportfolio	1	6
d3.time.second	milroc	1	6
d3.time.seconds	syntagmatic	1	4
d3.time.seconds	mbostock	1	4
d3.time.seconds	jasondavies	1	4
d3.time.seconds	milroc	1	4
d3.time.sunday	syntagmatic	1	4
d3.time.sunday	mbostock	1	4
d3.time.sunday	jasondavies	1	4
d3.time.sunday	milroc	1	4
d3.time.sundayOfYear	syntagmatic	1	4
d3.time.sundayOfYear	mbostock	1	4
d3.time.sundayOfYear	jasondavies	1	4
d3.time.sundayOfYear	milroc	1	4
d3.time.week	syntagmatic	1	6
d3.time.week	mbostock	2	6
d3.time.week	jasondavies	1	6
d3.time.week	milroc	1	6
d3.time.week	jeremybuis	1	6
d3.time.weekOfYear	syntagmatic	1	4
d3.time.weekOfYear	mbostock	1	4
d3.time.weekOfYear	jasondavies	1	4
d3.time.weekOfYear	milroc	1	4
d3.time.weeks	syntagmatic	1	5
d3.time.weeks	mbostock	1	5
d3.time.weeks	jasondavies	1	5
d3.time.weeks	milroc	1	5
d3.time.weeks	jeremybuis	1	5
d3.time.year	jasondavies	2	15
d3.time.year	timelyportfolio	4	15
d3.time.year	syntagmatic	1	15
d3.time.year	mbostock	4	15
d3.time.year	herrstucki	1	15
d3.time.year	milroc	1	15
d3.time.year	gelicia	2	15
d3.time.years	timelyportfolio	3	12
d3.time.years	syntagmatic	1	12
d3.time.years	mbostock	3	12
d3.time.years	jasondavies	1	12
d3.time.years	herrstucki	1	12
d3.time.years	milroc	1	12
d3.time.years	gelicia	2	12
d3.timer.flush	mbostock	4	18
d3.timer.flush	zjonsson	1	18
d3.timer.flush	timelyportfolio	5	18
d3.timer.flush	syntagmatic	1	18
d3.timer.flush	jasondavies	3	18
d3.timer.flush	christophermanning	1	18
d3.timer.flush	milroc	3	18
d3.timer	mbostock	58	139
d3.timer	enjalot	19	139
d3.timer	zjonsson	2	139
d3.timer	jasondavies	12	139
d3.timer	biovisualize	2	139
d3.timer	syntagmatic	17	139
d3.timer	timelyportfolio	8	139
d3.timer	vlandham	1	139
d3.timer	christophermanning	10	139
d3.timer	jeremybuis	1	139
d3.timer	ramnathv	2	139
d3.timer	milroc	5	139
d3.timer	jugglingnutcase	1	139
d3.timer	iros	1	139
d3.touch	jasondavies	2	10
d3.touch	syntagmatic	1	10
d3.touch	mbostock	6	10
d3.touch	milroc	1	10
d3.touches	jasondavies	2	10
d3.touches	syntagmatic	1	10
d3.touches	mbostock	6	10
d3.touches	milroc	1	10
d3.transform	mbostock	2	8
d3.transform	zjonsson	1	8
d3.transform	syntagmatic	1	8
d3.transform	jasondavies	1	8
d3.transform	biovisualize	1	8
d3.transform	milroc	1	8
d3.transform	jfsiii	1	8
d3.transition	mbostock	9	27
d3.transition	zjonsson	2	27
d3.transition	syntagmatic	2	27
d3.transition	jasondavies	4	27
d3.transition	timelyportfolio	6	27
d3.transition	milroc	2	27
d3.transition	bollwyvl	1	27
d3.transition	danharr	1	27
d3.transpose	zjonsson	1	8
d3.transpose	syntagmatic	1	8
d3.transpose	mbostock	1	8
d3.transpose	jasondavies	1	8
d3.transpose	biovisualize	3	8
d3.transpose	milroc	1	8
d3.tsv	mbostock	53	72
d3.tsv	syntagmatic	3	72
d3.tsv	jasondavies	1	72
d3.tsv	zjonsson	1	72
d3.tsv	timelyportfolio	2	72
d3.tsv	herrstucki	2	72
d3.tsv	milroc	6	72
d3.tsv	biovisualize	1	72
d3.tsv	jfsiii	2	72
d3.tsv	seemantk	1	72
d3.tsv.parse	timelyportfolio	1	1
d3.values	mbostock	9	26
d3.values	zjonsson	3	26
d3.values	biovisualize	3	26
d3.values	syntagmatic	1	26
d3.values	jasondavies	1	26
d3.values	vlandham	1	26
d3.values	milroc	3	26
d3.values	enjalot	1	26
d3.values	mpmckenna8	3	26
d3.values	danharr	1	26
d3.xhr	zjonsson	1	6
d3.xhr	syntagmatic	1	6
d3.xhr	mbostock	1	6
d3.xhr	jasondavies	1	6
d3.xhr	timelyportfolio	1	6
d3.xhr	milroc	1	6
d3.xml	mbostock	3	13
d3.xml	biovisualize	3	13
d3.xml	zjonsson	3	13
d3.xml	syntagmatic	1	13
d3.xml	jasondavies	1	13
d3.xml	christophermanning	1	13
d3.xml	milroc	1	13
d3.zip	mbostock	3	15
d3.zip	zjonsson	1	15
d3.zip	syntagmatic	1	15
d3.zip	jasondavies	1	15
d3.zip	milroc	2	15
d3.zip	enjalot	5	15
d3.zip	ckuijjer	1	15
d3.zip	seemantk	1	15
